Workbook

Sheet لوحة المتابعة
A1: خطة السيو (SEO) — DON'T FORGET
A2: متابعة تنفيذ محتوى الصفحات الرئيسية + السكيما (Schema) المتوافقة مع كل نوع محتوى
A4: ملخص التقدّم
A6: الجدول (Tab) | B6: إجمالي البنود | C6: لم يبدأ | D6: قيد التنفيذ | E6: قيد المراجعة | F6: مكتمل | G6: نسبة الإنجاز
A7: الصفحة الرئيسية | B7: =COUNTA('الصفحة الرئيسية'!J2:J10) | C7: =COUNTIF('الصفحة الرئيسية'!J2:J10,"لم يبدأ") | D7: =COUNTIF('الصفحة الرئيسية'!J2:J10,"قيد التنفيذ") | E7: =COUNTIF('الصفحة الرئيسية'!J2:J10,"قيد المراجعة") | F7: =COUNTIF('الصفحة الرئيسية'!J2:J10,"مكتمل") | G7: =IFERROR(F7/B7,0)
A8: الصفحات الرئيسية | B8: =COUNTA('الصفحات الرئيسية'!N2:N6) | C8: =COUNTIF('الصفحات الرئيسية'!N2:N6,"لم يبدأ") | D8: =COUNTIF('الصفحات الرئيسية'!N2:N6,"قيد التنفيذ") | E8: =COUNTIF('الصفحات الرئيسية'!N2:N6,"قيد المراجعة") | F8: =COUNTIF('الصفحات الرئيسية'!N2:N6,"مكتمل") | G8: =IFERROR(F8/B8,0)
A9: قوالب المحتوى | B9: =COUNTA('قوالب المحتوى'!J2:J4) | C9: =COUNTIF('قوالب المحتوى'!J2:J4,"لم يبدأ") | D9: =COUNTIF('قوالب المحتوى'!J2:J4,"قيد التنفيذ") | E9: =COUNTIF('قوالب المحتوى'!J2:J4,"قيد المراجعة") | F9: =COUNTIF('قوالب المحتوى'!J2:J4,"مكتمل") | G9: =IFERROR(F9/B9,0)
A10: SEO التقني | B10: =COUNTA('SEO التقني'!E2:E18) | C10: =COUNTIF('SEO التقني'!E2:E18,"لم يبدأ") | D10: =COUNTIF('SEO التقني'!E2:E18,"قيد التنفيذ") | E10: =COUNTIF('SEO التقني'!E2:E18,"قيد المراجعة") | F10: =COUNTIF('SEO التقني'!E2:E18,"مكتمل") | G10: =IFERROR(F10/B10,0)
A11: الإجمالي العام | B11: =SUM(B7:B10) | C11: =SUM(C7:C10) | D11: =SUM(D7:D10) | E11: =SUM(E7:E10) | F11: =SUM(F7:F10) | G11: =IFERROR(F11/B11,0)
A14: دليل الاستخدام
A15: 1) ابدأ بتبويب «الصفحة الرئيسية» — هو الأولوية الأولى المطلوبة، ثم «الصفحات الرئيسية» (About / Work / Services / Blog / Contact).
A16: 2) تبويب «قوالب المحتوى» يوضح نمط السيو المتكرر لكل مشروع/خدمة/مقال يُضاف عبر الداشبورد — طبّقه على كل عنصر جديد.
A17: 3) تبويب «Schema Markup» يحدد أفضل نوع بيانات منظمة (schema.org) لكل نوع صفحة، مع الحالة الحالية في الكود.
A18: 4) تبويب «SEO التقني» يضم مهام بنيوية حرجة (canonical / hreflang / اسم العلامة التجارية...) لازم تُنجز قبل أو أثناء تعبئة المحتوى.
A19: 5) عمود «الحالة» في كل تبويب عبارة عن قائمة منسدلة (لم يبدأ / قيد التنفيذ / قيد المراجعة / مكتمل) وتتلوّن تلقائيًا.
A20: 6) الكلمات المفتاحية المذكورة اقتراحات أولية بناءً على طبيعة النشاط (وكالة تصميم وتطوير رقمي) — أكّدها عبر أداة بحث كلمات مفتاحية (Ahrefs/GSC) وحدد النطاق الجغرافي المستهدف قبل الاعتماد النهائي.
A21: 7) عناوين الميتا يُفضّل ألا تتجاوز 60 حرفًا، ووصف الميتا لا يتجاوز 155 حرفًا (تقريبًا) حتى لا يُقتطع في نتائج البحث.

Sheet الصفحة الرئيسية
A1: # | B1: القسم (Section) | C1: الوسم (Heading Tag) | D1: الكلمة المفتاحية الأساسية | E1: كلمات مفتاحية ثانوية | F1: نية البحث | G1: المحتوى المقترح (EN) | H1: المحتوى المقترح (AR) | I1: رابط داخلي مقترح | J1: الحالة | K1: المسؤول | L1: تاريخ الاستحقاق | M1: ملاحظات
A2: 1 | B2: Hero / الشعار والوعد الأساسي | C2: H1 | D2: web design & branding agency | E2: digital product studio, creative agency | F2: تنقّلية/تجارية | G2: Don't Forget — [Digital Agency / Web Design Studio]. Websites, products, and brands built to be remembered. | H2: دون فورجيت — استوديو تصميم وتطوير رقمي. نصمم مواقع ومنتجات وهويات تجارية لا تُنسى. | I2: زر CTA → /contact أو /work | J2: لم يبدأ | M2: استبدل H1 الحالي (اسم العلامة فقط) بجملة تحتوي الكلمة المفتاحية + الوعد.
A3: 2 | B3: اختيار التجربة (Choose your experience) | C3: H2 | D3: - | E3: - | F3: - | G3: Explore our work across three interactive experiences. | H3: استكشف أعمالنا عبر ثلاث تجارب تفاعلية مختلفة. | I3: روابط لكل ثيم | J3: لم يبدأ | M3: قسم تفاعلي — قيمة SEO منخفضة، لكن يحتاج نص بديل (alt) وnoscript fallback.
A4: 3 | B4: نظرة عامة على الخدمات (Services overview) | C4: H2 | D4: web design services | E4: brand identity, web development, digital strategy | F4: تجارية | G4: What we do — web design, brand identity, and full-stack development for ambitious brands. | H4: ماذا نقدّم — تصميم مواقع، هوية بصرية، وتطوير متكامل للعلامات التجارية الطموحة. | I4: → /services | J4: لم يبدأ | M4: أضف 3-4 بطاقات خدمة، كل بطاقة H3 + رابط لصفحة الخدمة.
A5: 4 | B5: أعمال مختارة (Featured work) | C5: H2 | D5: web design portfolio | E5: case studies, digital agency portfolio | F5: تجارية/بحثية | G5: Selected work — case studies from brands we've helped build and grow. | H5: أعمال مختارة — دراسات حالة لعلامات تجارية ساعدنا في بنائها وتطويرها. | I5: → /work + روابط لكل مشروع | J5: لم يبدأ | M5: استخدم H3 لاسم كل مشروع + نص alt وصفي للصور.
A6: 5 | B6: لماذا نحن / نبذة (Why us / About teaser) | C6: H2 | D6: digital agency | E6: our story, our process, why choose us | F6: بحثية | G6: Why Don't Forget — our story, process, and the team behind the work. | H6: لماذا دون فورجيت — قصتنا، منهجيتنا، والفريق الذي يقف خلف العمل. | I6: → /about | J6: لم يبدأ | M6: فقرة 80-120 كلمة + رابط 'اعرف المزيد' لصفحة About.
A7: 6 | B7: عملاء / شعارات (Clients / logos) | C7: H3 | D7: trusted by brands | E7: - | F7: - | G7: Trusted by ambitious teams and founders. | H7: موثوق من فرق ومؤسسين طموحين. | I7: - | J7: لم يبدأ | M7: أضف alt text لكل شعار عميل باسم العميل + النشاط.
A8: 7 | B8: قسم آراء العملاء (Testimonials) | C8: H2/H3 | D8: client testimonials | E8: - | F8: - | G8: What our clients say. | H8: ماذا يقول عملاؤنا. | I8: - | J8: لم يبدأ | M8: أضف Review/Testimonial schema إن توفرت بيانات تقييم موثوقة.
A9: 8 | B9: دعوة ختامية (Final CTA) | C9: H2 | D9: start a project, get a quote | E9: hire a web design agency, contact us | F9: تجارية/معاملاتية | G9: Have a project in mind? Let's build something worth remembering. | H9: عندك مشروع بالبال؟ خلّينا نبني شيء يستاهل يُتذكّر. | I9: → /contact | J9: لم يبدأ | M9: زر CTA واضح بلون متباين + نص action-oriented.
A10: 9 | B10: الفوتر (Footer) | C10: - | D10: - | E10: - | F10: - | G10: Nav links (Work, Services, About, Blog, Contact) + social + contact info. | H10: روابط تنقّل (أعمال، خدمات، من نحن، مدونة، تواصل) + روابط تواصل اجتماعي + معلومات الاتصال. | I10: روابط داخلية شاملة | J10: لم يبدأ | M10: الفوتر مصدر مهم لروابط داخلية متكررة عبر كل الصفحات — تأكد من نصوص الروابط الوصفية.

Sheet الصفحات الرئيسية
A1: الأولوية | B1: الصفحة | C1: Slug (EN) | D1: Slug (AR) | E1: الكلمة المفتاحية الأساسية | F1: كلمات مفتاحية ثانوية | G1: نية البحث | H1: عنوان الميتا (Meta Title ≤60) | I1: وصف الميتا (Meta Description ≤155) | J1: H1 | K1: مخطط H2 (H2 Outline) | L1: عدد الكلمات المستهدف | M1: نوع Schema | N1: الحالة | O1: المسؤول | P1: تاريخ الاستحقاق | Q1: ملاحظات
A2: عالي | B2: About / من نحن | C2: /about | D2: /about | E2: digital agency team | F2: our story, agency process, why choose us | G2: بحثية | H2: About Us — Our Story & Process | Don't Forget | I2: Meet the team behind Don't Forget and learn how we design, build, and launch digital products that last. | J2: About Don't Forget | K2: H2: Our story / H2: Our process / H2: Meet the team / H2: Our values | L2: 500-700 | M2: AboutPage + Organization | N2: لم يبدأ | Q2: اربط كل عضو فريق بصفحة LinkedIn (sameAs) لتقوية E-E-A-T.
A3: حرج | B3: Work / أعمالنا (قائمة) | C3: /work | D3: /work | E3: web design portfolio | F3: case studies, digital agency projects | G3: تجارية/بحثية | H3: Our Work — Case Studies & Projects | Don't Forget | I3: Explore our portfolio of websites, products, and brand identities built for ambitious clients. | J3: Selected Work | K3: H2: لكل تصنيف/فئة مشاريع (Web Development, Branding...) — فلترة بدون قطع الفهرسة | L3: 300-500 + وصف لكل مشروع | M3: CollectionPage + ItemList | N3: لم يبدأ | Q3: أضف وصف نصي فريد أعلى الشبكة، لا تعتمد فقط على الصور.
A4: حرج | B4: Services / خدماتنا (قائمة) | C4: /services | D4: /services | E4: web design & development services | F4: brand identity design, digital strategy services | G4: تجارية | H4: Services — Web Design, Development & Branding | Don't Forget | I4: From brand identity to full-stack development — see the services we offer ambitious teams. | J4: Our Services | K4: H2 لكل خدمة (اسم الخدمة) + H3 لمزايا مختصرة | L4: 400-600 | M4: Service (لكل خدمة) + ItemList للقائمة | N4: لم يبدأ | Q4: كل بطاقة خدمة تربط لصفحة تفاصيل خدمة مستقلة (انظر تبويب القوالب).
A5: متوسط | B5: Blog / المدونة (قائمة) | C5: /blog | D5: /blog | E5: design & development insights | F5: branding tips, web dev blog | G5: بحثية | H5: Blog — Notes on Design, Engineering & Branding | Don't Forget | I5: Insights on design, engineering, branding, and growth from the Don't Forget team. | J5: Latest Thinking | K5: H2: تصنيفات/وسوم اختيارية لتصفح المقالات | L5: 150-250 + مقتطف لكل مقال | M5: Blog / CollectionPage | N5: لم يبدأ | Q5: أضف Pagination واضح (rel=next/prev أو canonical للصفحة الأولى).
A6: عالي | B6: Contact / تواصل معنا | C6: /contact | D6: /contact | E6: hire a web design agency | F6: get a quote, start a project, contact digital agency | G6: معاملاتية | H6: Contact Us — Start Your Project | Don't Forget | I6: Have a project in mind? Reach out and let's build something worth remembering. | J6: Let's Build Something Together | K6: H2: طرق التواصل / H2: نموذج التواصل / H2: الأسئلة الشائعة (إن وُجدت) | L6: 150-300 + نموذج | M6: ContactPage + Organization (contactPoint) | N6: لم يبدأ | Q6: أضف NAP (الاسم/العنوان/الهاتف) ظاهر كنص وليس صورة فقط.

Sheet قوالب المحتوى
A1: القالب | B1: نمط الـ Slug | C1: نمط الكلمة المفتاحية | D1: نمط عنوان الميتا | E1: نمط وصف الميتا | F1: نمط H1 | G1: مخطط H2 | H1: نوع Schema | I1: الخصائص الأساسية المطلوبة | J1: حالة التطبيق الحالية | K1: ملاحظات
A2: دراسة حالة مشروع /work/[slug] | B2: /work/{project-slug} (كلمات مفصولة بشرطة، بدون معرّفات) | C2: {اسم العميل/المشروع} + {نوع المشروع} case study | D2: {عنوان المشروع} — {نوع المشروع} Case Study | Don't Forget | E2: {shortDescription أو أول 150 حرف من fullDescription} | F2: {title} — {tagline} | G2: H2: التحدي (Challenge) / H2: الحل (Solution) / H2: النتائج (Results) / H2: شهادة العميل (Testimonial) | H2: CreativeWork (about: Organization) + BreadcrumbList | I2: name, description, image, creator(Organization), datePublished(createdAt), about | J2: غير مطبّق | K2: لا يوجد generateMetadata لصفحة المشروع حاليًا — أضف عنوان/وصف ديناميكي من حقول project.
A3: تفاصيل خدمة /services/[id] | B3: /services/{service-slug} | C3: {اسم الخدمة} + services / {اسم الخدمة} agency | D3: {title} Services | Don't Forget | E3: {seoDescription إن وُجد، وإلا shortDescription} | F3: {title} — {tagline} | G3: H2: ماذا نقدّم (Deliverables) / H2: منهجية العمل (Process) / H2: الأسئلة الشائعة (FAQ) | H3: Service (provider: Organization) + FAQPage (إن وُجد faq) | I3: name, description, provider, areaServed, hasOfferCatalog (اختياري) | J3: غير مطبّق | K3: الحقول seoTitle/seoDescription موجودة أصلاً في قاعدة البيانات (Service model) لكن غير مستخدمة في generateMetadata.
A4: مقال مدونة /blog/[slug] | B4: /blog/{post-slug} | C4: {موضوع المقال الأساسي} | D4: {title} — Don't Forget Blog (مطبّق حاليًا) | E4: {excerpt} | F4: {title} | G4: H2 لكل قسم رئيسي داخل المحتوى (يُكتب يدويًا في المحرر) | H4: Article (مطبّق) — يفضّل ترقيته لاحقًا لـ BlogPosting/Article مع mainEntityOfPage | I4: headline, description, image, datePublished, author, publisher | J4: مطبّق جزئيًا ✓ | K4: الأساس موجود وجيد — أضف mainEntityOfPage و dateModified (updatedAt) لتقوية السكيما.

Sheet Schema Markup
A1: الصفحة / نوع المحتوى | B1: نوع Schema.org الموصى به | C1: السبب | D1: خصائص أساسية مطلوبة | E1: الحالة الحالية في الكود | F1: ملاحظات
A2: كل الصفحات (Layout عام) | B2: Organization + WebSite (+SearchAction) | C2: يُعرّف جوجل بهوية الوكالة (اسم، شعار، روابط تواصل اجتماعي) مرة واحدة تُستخدم في كل نتيجة بحث. | D2: name, url, logo, sameAs[], contactPoint | E2: غير مطبّق | F2: أضِفه مرة واحدة في layout.tsx الجذري وليس مكررًا بكل صفحة.
A3: الصفحة الرئيسية Home | B3: WebPage (يرث Organization/WebSite العام) | C3: لا يحتاج نوع مخصص إضافي — القوة تأتي من Organization العام + محتوى نصي قوي. | D3: - | E3: غير مطبّق | F3: ركّز الجهد على المحتوى النصي (H1/H2) بدل تعقيد السكيما هنا.
A4: About / من نحن | B4: AboutPage | C4: يوضح لجوجل أن هذه صفحة تعريفية بالشركة/الفريق — يدعم بناء E-E-A-T. | D4: name, description, mainEntity(Organization) | E4: غير مطبّق | F4: إن عُرضت صور الفريق أضف Person لكل عضو مع jobTitle وsameAs.
A5: Work — قائمة الأعمال | B5: CollectionPage + ItemList | C5: يمثل صفحة قائمة عناصر (مشاريع) بشكل صريح لمحركات البحث. | D5: itemListElement[] (كل عنصر يشير لرابط المشروع) | E5: غير مطبّق | F5: -
A6: Work — دراسة حالة مشروع | B6: CreativeWork | C6: لا يوجد نوع schema.org مخصص لـ'case study' — CreativeWork هو الأقرب دلاليًا لعمل إبداعي/تقني منشور. | D6: name, description, image, creator(Organization), datePublished | E6: غير مطبّق | F6: أضف BreadcrumbList معه (Home > Work > اسم المشروع).
A7: Services — قائمة الخدمات | B7: ItemList (من Service) | C7: يمثل قائمة الخدمات المعروضة بشكل صريح. | D7: itemListElement[] (كل عنصر Service) | E7: غير مطبّق | F7: -
A8: Services — تفاصيل خدمة | B8: Service + FAQPage (إن وُجد FAQ) | C8: schema.org/Service هو النوع الرسمي لصفحات الخدمات؛ FAQPage يفتح فرصة Rich Snippet في نتائج البحث. | D8: name, description, provider(Organization), areaServed / mainEntity[] للأسئلة | E8: غير مطبّق | F8: حقل faq موجود أصلاً في قاعدة البيانات (Service model) — استخدمه مباشرة.
A9: Blog — قائمة المدونة | B9: Blog / CollectionPage | C9: يمثل صفحة أرشيف المقالات. | D9: itemListElement[] أو blogPost[] | E9: غير مطبّق | F9: -
A10: Blog — مقال منفرد | B10: Article | C10: مطبّق فعليًا في المكوّنات الحالية (BlogPostFocused/Creative/Immersive). | D10: headline, description, image, datePublished, author, publisher | E10: مطبّق جزئيًا ✓ | F10: أضف mainEntityOfPage + dateModified لتقوية السكيما الحالية.
A11: Contact / تواصل معنا | B11: ContactPage + Organization(contactPoint) | C11: يوضح لجوجل معلومات التواصل الرسمية (NAP) بشكل منظم. | D11: email, telephone, contactType, address (إن وُجد) | E11: غير مطبّق | F11: أظهر NAP كنص حقيقي في الصفحة أيضًا وليس فقط في الـ schema.

Sheet SEO التقني
A1: # | B1: المهمة | C1: التصنيف | D1: الأولوية | E1: الحالة | F1: المسؤول | G1: تاريخ الاستحقاق | H1: ملاحظات
A2: 1 | B2: توحيد اسم العلامة التجارية عبر الموقع — الموقع يعرض «DON'T FORGET» لكن الـ Schema والـ metadata الحالية تستخدم «NOX Studio» | C2: محتوى/ثقة | D2: حرج | E2: لم يبدأ | H2: تضارب الاسم يربك جوجل والمستخدم على حد سواء — راجع src/components/*/BlogPost*.tsx وd.meta.title.
A3: 2 | B3: إضافة Canonical tags + hreflang لكل صفحة — البنية الحالية /[lang]/[theme]/... تعني وجود نفس المحتوى على 3 روابط مختلفة (focused/creative/immersive) لكل لغة | C3: فهرسة (Indexing) | D3: حرج | E3: لم يبدأ | H3: خطر محتوى مكرر (Duplicate Content) حقيقي — لا يوجد أي canonical حاليًا في الكود. قرر ثيم واحد كنسخة أساسية مفهرسة والباقي canonical إليه، أو noindex على النسخ الأخرى.
A4: 3 | B4: إنشاء sitemap.xml ديناميكي (src/app/sitemap.ts) يشمل كل اللغات + المشاريع + الخدمات + المقالات المنشورة | C4: فهرسة (Indexing) | D4: حرج | E4: لم يبدأ | H4: غير موجود حاليًا في المشروع — أولوية قصوى قبل الإطلاق.
A5: 4 | B5: إنشاء robots.txt (src/app/robots.ts) يوجّه لـ sitemap.xml ويمنع فهرسة /dashboard و/login و/setup | C5: فهرسة (Indexing) | D5: حرج | E5: لم يبدأ | H5: غير موجود حاليًا — لوحة التحكم /dashboard يجب ألا تُفهرس إطلاقًا.
A6: 5 | B6: إضافة Organization + WebSite schema عام في الـ layout الجذري | C6: بيانات منظمة | D6: عالي | E6: لم يبدأ | H6: انظر تبويب Schema Markup.
A7: 6 | B7: تفعيل generateMetadata ديناميكي لصفحات المشروع (/work/[slug]) والخدمة (/services/[id]) | C7: ميتا داتا | D7: عالي | E7: لم يبدأ | H7: حاليًا الميتا لهذه الصفحات عامة/ثابتة وليست مبنية من بيانات المشروع/الخدمة الفعلية.
A8: 7 | B8: مراجعة نص alt لكل الصور (المشاريع، الفريق، شعارات العملاء، صور المقالات) | C8: محتوى/وصولية | D8: عالي | E8: لم يبدأ | H8: مهم لـ Google Images وللوصولية (Accessibility).
A9: 8 | B9: إعداد Google Search Console + Bing Webmaster Tools والتحقق من الملكية لكل نطاق فرعي/لغة | C9: تحليلات | D9: عالي | E9: لم يبدأ | H9: شرط أساسي لمراقبة الأداء العضوي بعد الإطلاق.
A10: 9 | B10: إعداد Google Analytics 4 (أو بديل) + تتبّع أحداث نموذج التواصل (Inquiry) | C10: تحليلات | D10: متوسط | E10: لم يبدأ | H10: -
A11: 10 | B11: فحص Core Web Vitals خاصة لثيم Immersive (three.js/gsap ثقيل) — خطر على LCP وCLS | C11: أداء (Performance) | D11: عالي | E11: لم يبدأ | H11: استخدم PageSpeed Insights/Lighthouse على كل ثيم على حدة.
A12: 11 | B12: التحقق من Structured Data عبر Rich Results Test لكل نوع schema بعد التطبيق | C12: بيانات منظمة | D12: متوسط | E12: لم يبدأ | H12: https://search.google.com/test/rich-results
A13: 12 | B13: استراتيجية ربط داخلي (Internal Linking) بين Home → Services → Work → Blog → Contact | C13: محتوى | D13: متوسط | E13: لم يبدأ | H13: روابط سياقية داخل نص المحتوى، ليس فقط في القوائم/الفوتر.
... A18: 17 | B18: خطة محتوى مدونة أولية (5-10 عناوين مقالات) مرتبطة بكلمات مفتاحية من تبويب الصفحات الرئيسية | C18: محتوى | D18: منخفض | E18: لم يبدأ | H18: يدعم بناء سلطة الموضوع (Topical Authority) حول خدمات الوكالة.
